{
    "Cd_min": 0.22412799298763275,
    "Cd_max": 0.3198469877243042
}